Top queries,Clicks,Impressions,CTR,Position
courtier credit immobilier orleans,125,3200,3.91%,7.2
meilleur courtier credit immobilier orleans,42,1850,2.27%,8.5
courtier en pret immobilier loiret,28,1200,2.33%,9.1
cafpi orleans avis,15,950,1.58%,12.4
"courtier credit immobilier orleans avis clients",18,820,2.20%,10.8
aeconomia,89,720,12.36%,2.1
"comment choisir son courtier credit immobilier",32,680,4.71%,6.5
"courtier credit immobilier primo accedant orleans",22,540,4.07%,8.9
taux credit immobilier orleans 2026,17,420,4.05%,11.2
"quel courtier credit immobilier pour primo accedant",14,380,3.68%,9.8
"meilleur courtier orleans loiret",11,310,3.55%,10.5
aeconomia.fr,28,290,9.66%,1.8
"courtier credit immobilier loiret avis",9,260,3.46%,11.7
"comparatif courtier credit immobilier 2026",8,240,3.33%,12.9
ptz 2026 orleans courtier,7,210,3.33%,13.2
"taux pret immobilier 2026 france",12,205,5.85%,8.2
"taux pret 250000 euros orleans",4,180,2.22%,14.1
"refinancement credit immobilier orleans 2026",6,165,3.64%,11.8
"avis cafpi vs empruntis",5,150,3.33%,13.5
"courtier credit immobilier orleans tarif",4,140,2.86%,12.2
